{"cameraMode":{"drawMode":0,"name":"Shaded","section":"Shading Mode"},"sceneLighting":false,"audioPlay":false,"sceneViewState":{"m_AlwaysRefresh":false,"showFog":true,"showSkybox":false,"showFlares":true,"showImageEffects":true,"showParticleSystems":true,"showVisualEffectGraphs":true,"m_FxEnabled":true},"in2DMode":false,"pivot":{"x":9.903938293457032,"y":13.261794090270996,"z":13.282693862915039},"rotation":{"x":0.13300727307796479,"y":-0.8496228456497192,"z":0.2558499574661255,"w":0.4416644871234894},"size":0.8660253882408142,"orthographic":true}