{"cameraMode":{"drawMode":0,"name":"Shaded","section":"Shading Mode"},"sceneLighting":true,"audioPlay":false,"sceneViewState":{"m_AlwaysRefresh":false,"showFog":true,"showSkybox":true,"showFlares":true,"showImageEffects":true,"showParticleSystems":true,"showVisualEffectGraphs":true,"m_FxEnabled":true},"in2DMode":false,"pivot":{"x":-48.15467834472656,"y":10.181659698486329,"z":8.001242637634278},"rotation":{"x":0.1841845065355301,"y":-0.8144738674163818,"z":0.41473886370658877,"w":0.36165156960487368},"size":34.160884857177737,"orthographic":true}