{"cameraMode":{"drawMode":0,"name":"Shaded","section":"Shading Mode"},"sceneLighting":false,"audioPlay":false,"sceneViewState":{"m_AlwaysRefresh":false,"showFog":true,"showSkybox":false,"showFlares":true,"showImageEffects":true,"showParticleSystems":true,"showVisualEffectGraphs":true,"m_FxEnabled":true},"in2DMode":false,"pivot":{"x":11.955009460449219,"y":13.075369834899903,"z":12.931619644165039},"rotation":{"x":0.13300727307796479,"y":-0.8496228456497192,"z":0.2558499574661255,"w":0.4416644871234894},"size":1.0327513217926026,"orthographic":true}